{"init_keypoint_positions": [[-0.2661943573988607, -0.2593720505503737, 0.8939414935395005], [-0.2686775066722251, -0.2749901565122626, 0.8271455092899349], [-0.13706130357724478, -0.2414991105274038, 0.7100948212245959], [0.09276915348199902, -0.1711370994185036, 0.7082656720952105], [-0.1459243598008571, -0.15147124861070282, 0.7142196227021836], [0.09358737688281996, -0.0534993640009152, 0.7095674875311597], [-0.2673892287328654, 0.0867942342789583, 0.7196027247830915], [-0.23314814718883792, 0.17297185111507946, 0.8097301449295967], [-0.3587546319934726, 0.18957813372044013, 0.8015312434125874]], "num_keypoints": 9, "num_stages": 3, "grasp_keypoints": [4, -1, -1], "release_keypoints": [-1, -1, 4]}