{"init_keypoint_positions": [[-0.2658149185895546, -0.25952592035967514, 0.8957874692208747], [-0.2686775066722251, -0.2749901565122626, 0.8271455092899349], [0.09259372620331849, -0.20578911379928233, 0.7077164212552672], [0.09416154039464811, -0.13164588309231998, 0.7095403267237829], [-0.1290100458711871, -0.07877454981278584, 0.7147508541765326], [0.09485594062296035, -0.05344247066796542, 0.7100227713496331], [-0.26945444181025713, 0.08538554046925578, 0.7174613392959628], [-0.35880376944485337, 0.1895498661553155, 0.7242495959791785], [-0.2273916315997298, 0.16978317185973382, 0.809730735390318], [-0.27881029708802, 0.2161113552597725, 0.7597332230457459]], "num_keypoints": 10, "num_stages": 3, "grasp_keypoints": [4, -1, -1], "release_keypoints": [-1, -1, 4]}