{"init_keypoint_positions": [[-0.32139730419357254, -0.2595493698311794, 0.8685389210992945], [-0.13365752785297866, -0.21214012970665536, 0.7132938084843155], [0.09395377041265632, -0.16773786884988112, 0.7090343973002614], [0.09358737688281996, -0.0534993640009152, 0.7095674875311597], [-0.26945444181025713, 0.08538554046925578, 0.7174613392959628], [-0.35880376944485337, 0.1895498661553155, 0.7242495959791785], [-0.24236871304576457, 0.19112710326374138, 0.7940527200025569]], "num_keypoints": 7, "num_stages": 3, "grasp_keypoints": [1, -1, -1], "release_keypoints": [-1, -1, 1]}