{"init_keypoint_positions": [[-0.32414572435977596, -0.26133753853659275, 0.8729465326783452], [0.08958237902487295, -0.2167391471467262, 0.7039156196110602], [-0.1303282351220783, -0.21448098577272112, 0.7109137537982642], [-0.1260543378512284, -0.12383269734500035, 0.7105897928575362], [0.09093746234686004, -0.06144300248984969, 0.7086947913629367], [-0.272311333386167, 0.0804684700454592, 0.8097010427149993], [-0.3610795215178208, 0.10999419963621601, 0.7197361875792999], [-0.26295198589456714, 0.2100709222946338, 0.7172242469901523]], "num_keypoints": 8, "num_stages": 3, "grasp_keypoints": [2, -1, -1], "release_keypoints": [-1, -1, 2]}