{"init_keypoint_positions": [[-0.2658149185895546, -0.25952592035967514, 0.8957874692208747], [-0.2686775066722251, -0.2749901565122626, 0.8271455092899349], [-0.1336398145777255, -0.21049010143057478, 0.7133128600915584], [0.09161470741614405, -0.18248722612041074, 0.7071798910213195], [-0.12779215274339722, -0.12340584282114642, 0.7127492008007873], [0.09619652647682012, -0.05184040334014967, 0.7103341306098897], [-0.2673892287328654, 0.0867942342789583, 0.7196027247830915], [-0.3587546319934726, 0.18957813372044013, 0.8015312434125874], [-0.24449593997779995, 0.1930473109338302, 0.7670770695161898]], "num_keypoints": 9, "num_stages": 3, "grasp_keypoints": [2, -1, -1], "release_keypoints": [-1, -1, 2]}