{"init_keypoint_positions": [[-0.3238296478281255, -0.25949860118798873, 0.8738833561905037], [-0.13365752785297866, -0.21214012970665536, 0.7132938084843155], [0.09058087178210031, -0.17494099352975606, 0.7063182550444571], [0.09358737688281996, -0.0534993640009152, 0.7095674875311597], [-0.26945444181025713, 0.08538554046925578, 0.7174613392959628], [-0.2345655708639346, 0.1759310536171218, 0.8097304655492471], [-0.3587546319934726, 0.18957813372044013, 0.8015312434125874]], "num_keypoints": 7, "num_stages": 3, "grasp_keypoints": [1, -1, -1], "release_keypoints": [-1, -1, 1]}