{"init_keypoint_positions": [[-0.32139730419357254, -0.2595493698311794, 0.8685389210992945], [-0.13365752785297866, -0.21214012970665536, 0.7132938084843155], [0.09164071419475064, -0.17459130143649662, 0.7073412463844128], [0.09358737688281996, -0.0534993640009152, 0.7095674875311597], [-0.26945444181025713, 0.08538554046925578, 0.7174613392959628], [-0.35946300074602233, 0.1884097891106119, 0.7221242269792499], [-0.23600051049860016, 0.17745173264838426, 0.8097305321317461]], "num_keypoints": 7, "num_stages": 3, "grasp_keypoints": [1, -1, -1], "release_keypoints": [-1, -1, 1]}