{"init_keypoint_positions": [[-0.3219213643761382, -0.25944802086640356, 0.8712715386093682], [0.09277728854913445, -0.16956350463150593, 0.7082901879999556], [-0.14081538332496446, -0.11608251508545739, 0.7177299893906401], [0.09939202968892483, -0.04094879187751487, 0.7098826151870458], [-0.26945444181025713, 0.08538554046925578, 0.7174613392959628], [-0.35880376944485337, 0.1895498661553155, 0.7242495959791785], [-0.24236871304576457, 0.19112710326374138, 0.7940527200025569]], "num_keypoints": 7, "num_stages": 3, "grasp_keypoints": [2, -1, -1], "release_keypoints": [-1, -1, 2]}