{"init_keypoint_positions": [[-0.2975082688070272, -0.25802896151121996, 0.9005697498742085], [-0.2686775066722251, -0.2749901565122626, 0.8271455092899349], [0.09600258769969996, -0.23318731944593185, 0.7092996193112368], [0.09417220469692342, -0.13007885504838113, 0.709558162388536], [-0.1290100458711871, -0.07877454981278584, 0.7147508541765326], [0.09485594062296035, -0.05344247066796542, 0.7100227713496331], [-0.26945444181025713, 0.08538554046925578, 0.7174613392959628], [-0.35946300074602233, 0.1884097891106119, 0.7221242269792499], [-0.27881029708802, 0.2161113552597725, 0.7597332230457459]], "num_keypoints": 9, "num_stages": 3, "grasp_keypoints": [4, -1, -1], "release_keypoints": [-1, -1, 4]}