{"init_keypoint_positions": [[-0.2862242046977732, -0.2555137686139699, 0.90982342289621], [-0.2655479695646631, -0.27269974184327783, 0.8363097170357898], [-0.13036363516724345, -0.21779049959944558, 0.7108765951983315], [-0.14072651679973253, -0.10788593434055152, 0.7178319845086482], [-0.26945444181025713, 0.08538554046925578, 0.7174613392959628], [-0.35880376944485337, 0.1895498661553155, 0.7242495959791785], [-0.27958162782299406, 0.21635483149345747, 0.7640782486161832]], "num_keypoints": 7, "num_stages": 3, "grasp_keypoints": [2, -1, -1], "release_keypoints": [-1, -1, 2]}