{"init_keypoint_positions": [[-0.2666361275244121, -0.2572433470059719, 0.8977503138026559], [-0.35349558892406363, -0.2641928778729944, 0.8641441670136616], [0.09600258769969996, -0.23318731944593185, 0.7092996193112368], [-0.15387097106513895, -0.15606119901858312, 0.7038456698763401], [0.09076445540113279, -0.11967122652280102, 0.7074501541792962], [0.09485594062296035, -0.05344247066796542, 0.7100227713496331], [-0.26945444181025713, 0.08538554046925578, 0.7174613392959628], [-0.35946300074602233, 0.1884097891106119, 0.7221242269792499], [-0.24310060820421447, 0.19175043483169713, 0.7659005706854871]], "num_keypoints": 9, "num_stages": 3, "grasp_keypoints": [3, -1, -1], "release_keypoints": [-1, -1, 3]}